Avg TRACK Score,Present_Percent,"Soft Skill Score
(Out of 3)",Techability Score (Out of 2.0),Learnability Score (Out of 2.0),Communicability Score (Out of 1.0),Degree %,10th %,12th %,Consistency_in_Acadamics,Pick Highest Degree,Highest Degree Stream,Tech Excelence,Resilience,Ability to Learn,Communication,Knowledge,Mapped to Company
3.14,1.0,2.46,1.1475,1.4880000000000002,0.792,7.48,9.328,8.483,1,1,1,0.675,0.718,0.77,0.792,0.4725,1
3.11,1.0,2.19,1.045625,1.374,0.718,7.85,8.0,6.790000000000001,1,1,1,0.590625,0.696,0.6779999999999999,0.718,0.455,1
4.24,1.0,2.63,1.4775,1.806,0.9279999999999999,5.746,8.28,6.984999999999999,2,1,1,0.9625,0.902,0.904,0.9279999999999999,0.515,0
4.19,1.0,2.64,1.55875,1.734,0.904,6.2,7.833,5.9,2,4,3,0.85875,0.8420000000000001,0.892,0.904,0.7,0
4.19,1.0,2.88,1.84,1.955,0.97,5.8,7.632,7.734,2,1,1,0.965,0.985,0.97,0.97,0.875,1
4.51,1.0,2.2460683760683757,1.685,1.85,0.97,5.1,5.8,7.1,3,4,3,0.94,0.91,0.97,0.805,1.685,0
3.97,0.97,1.4,1.4675,1.504,0.78,7.4,9.7,9.1,1,1,1,0.764,0.74,0.78,0.6775,1.4675,0
4.57,1.0,2.2460683760683757,1.775,1.82,0.97,5.981,7.981999999999999,6.75,2,1,3,0.895,0.925,0.97,0.865,1.775,1
4.71,1.0,3.0,1.7875,1.94,0.985,6.7,6.8,6.7,1,1,1,0.97,0.97,0.985,0.8475,1.7875,0
4.71,1.0,2.2460683760683757,1.7875,1.94,0.985,7.034000000000001,8.042,7.517,1,1,2,0.97,0.97,0.985,0.8475,1.7875,0
3.58,0.91,2.16,1.413125,1.466,0.7020000000000001,6.0009999999999994,7.164,5.05,2,1,1,0.758,0.708,0.7020000000000001,0.755,1.413125,1
4.33,1.0,2.2460683760683757,1.6875,1.835,0.91,5.8,7.123,7.4430000000000005,2,1,1,0.91,0.925,0.91,0.83,1.6875,0
4.39,1.0,2.2460683760683757,1.659375,1.865,0.94,6.16,9.036,7.0,1,1,1,0.925,0.94,0.94,0.783125,1.659375,1
4.86,1.0,2.2460683760683757,1.851875,1.955,1.0,6.48,8.16,6.414,1,1,1,0.955,1.0,1.0,0.9075,1.851875,0
3.36,1.0,2.09,1.504375,1.55,0.725,5.557,7.909000000000001,6.0,2,1,1,0.805,0.745,0.725,0.7725,1.504375,1
4.36,1.0,2.2460683760683757,1.555,1.865,0.94,6.51,6.352,6.95,1,1,1,0.91,0.955,0.94,0.725,1.555,0
4.24,0.96,2.88,1.4809999999999999,1.808,0.9640000000000001,7.17,9.8,9.43,1,1,1,0.856,0.9520000000000001,0.9640000000000001,0.616,1.4809999999999999,1
4.72,0.96,2.2460683760683757,1.774,1.9280000000000002,0.988,8.36,8.9,6.8,1,1,1,0.94,0.988,0.988,0.7859999999999999,1.774,1
4.59,0.96,2.2460683760683757,1.682,1.952,0.9640000000000001,6.9,8.1,7.508,1,1,1,0.9640000000000001,0.988,0.9640000000000001,0.6940000000000001,1.682,1
4.44,1.0,3.0,1.6225,1.868,0.988,7.031999999999999,9.7,9.23,1,1,1,0.9159999999999999,0.9520000000000001,0.988,0.815,1.6225,1
3.8,1.0,2.88,1.365,1.692,0.8320000000000001,5.915,6.645999999999999,5.7829999999999995,2,1,2,0.804,0.888,0.8320000000000001,0.705,1.365,1
4.07,1.0,3.0,1.5325,1.724,0.904,7.41,7.9799999999999995,9.24,1,1,2,0.892,0.8320000000000001,0.904,0.775,1.5325,1
4.09,0.96,2.2460683760683757,1.515,1.745,0.83,6.0,6.0,6.4,3,1,1,0.91,0.835,0.83,0.73,1.515,0
4.19,1.0,2.76,1.5475,1.715,0.925,5.5,6.0,6.3,3,3,1,0.925,0.79,0.925,0.7425,1.5475,1
4.04,1.0,2.2460683760683757,1.58,1.645,0.8175,6.529999999999999,9.0,9.14,1,1,2,0.955,0.69,0.8175,0.76,1.58,0
4.06,0.96,2.2460683760683757,1.57,1.6375,0.8475,6.26,7.26,6.01,1,1,1,0.88,0.7575,0.8475,0.725,1.57,0
4.35,0.96,2.2460683760683757,1.7275,1.715,0.91,5.6,6.8,4.6,2,1,1,0.865,0.85,0.91,0.85,1.7275,0
4.06,0.8,2.2460683760683757,1.4525,1.7,0.91,6.35,8.327,5.7,2,1,1,0.895,0.805,0.91,0.7125,1.4525,0
3.4,0.92,1.92,1.181666667,1.44,0.716,6.103,6.133,4.867,2,1,2,0.7,0.74,0.716,0.5191666667,1.181666667,0
3.9,1.0,1.67,1.4875,1.548,0.718,6.534999999999999,7.981,6.537999999999999,1,1,2,0.79,0.758,0.718,0.665,1.4875,0
3.98,1.0,1.87,1.47,1.584,0.794,7.33,7.790000000000001,6.459999999999999,1,1,1,0.83,0.754,0.794,0.665,1.47,0
4.37,1.0,2.2460683760683757,1.7325,1.7125,0.925,7.14,7.0,8.379999999999999,1,1,1,0.91,0.8025,0.925,0.9175,1.7325,0
4.88,1.0,2.2460683760683757,1.94,1.94,1.0,6.3,8.4,5.8,2,1,1,0.985,0.955,1.0,1.0,1.94,0
4.05,1.0,2.2460683760683757,1.6120833330000002,1.605,0.8325,8.29,9.1,9.73,1,1,2,0.8025,0.8025,0.8325,0.8095833333,1.6120833330000002,0
4.32,0.96,3.0,1.7125,1.818,0.868,7.3,8.8,8.2,1,1,2,0.89,0.9279999999999999,0.868,0.88,1.7125,1
3.5,1.0,1.47,1.13,1.34,0.85,5.642,7.236,5.383,2,1,1,0.66,0.654,0.74,0.44333333329999997,1.127291667,1
4.48,0.95,2.7,1.54,1.94,1.0,5.5,6.5,4.7,2,1,2,0.955,0.985,1.0,0.61,1.535,0
4.0625,0.88,1.05,0.8875,1.64,1.625,6.385,7.9,5.7829999999999995,2,1,1,0.7525,0.835,0.79,0.7975,0.8875,0
4.4375,1.0,1.47,0.7975,1.6925,1.775,6.182,7.2,4.867,2,1,1,0.895,0.88,0.895,0.97,0.7975,1
4.1225,1.0,1.4,0.85,1.655,1.4975,6.4,8.36,5.32,2,4,1,0.805,0.74,0.7575,0.97,0.85,0
3.893333333,0.92,2.4,0.8,1.5733333330000001,1.42,6.3,8.091,7.1,1,4,1,0.7733333333,0.75,0.67,0.9,0.8,1
3.63,0.64,1.75,1.6733333330000002,1.71,0.8333333333,6.35,6.6,6.529999999999999,1,2,1,0.88,0.83,0.8333333333,0.7966666667,1.6733333330000002,0
3.98,0.92,1.82,1.3875,1.715,0.88,6.45,5.8,6.2,2,1,2,0.865,0.85,0.88,0.7275,1.3875,0
3.89,0.96,1.68,1.3725,1.67,0.85,6.47,9.1,6.7,1,1,2,0.82,0.85,0.85,0.68,1.3725,0
3.68,1.0,1.68,1.3033333329999999,1.58,0.8,6.62,8.3,7.74,1,1,2,0.84,0.74,0.8,0.6533333333,1.3033333329999999,1
4.41,1.0,1.47,1.76,1.76,0.89,5.5,8.09,5.85,2,1,2,0.82,0.94,0.89,0.835,1.76,0
4.55,1.0,1.65,1.73,1.835,0.985,6.3,7.6,7.459999999999999,1,1,2,0.895,0.94,0.985,0.79,1.73,0
4.48,0.92,2.22,1.745,1.805,0.925,6.41,8.736,7.279999999999999,1,1,2,0.895,0.91,0.925,0.805,1.745,0
4.25,0.92,1.61,1.64,1.64,0.97,7.8,8.1,7.7,1,1,2,0.835,0.805,0.97,0.775,1.64,0
3.971666667,0.16,2.76,1.589166667,1.5025,0.88,6.22,9.040000000000001,6.984999999999999,1,1,2,0.79,0.7125,0.88,0.8466666667,1.589166667,0
4.0366666669999995,1.0,1.75,1.3566666669999998,1.78,0.9,6.5,8.0,6.9,1,1,1,0.88,0.9,0.9,0.71,1.3566666669999998,0
4.013333333,0.96,2.2460683760683757,1.3533333330000001,1.78,0.88,7.59,9.2,6.9,1,1,2,0.92,0.86,0.88,0.6866666667,1.3533333330000001,0
4.2125,0.72,2.2460683760683757,1.6475,1.67,0.895,6.7,4.0,6.2,2,4,1,0.85,0.82,0.895,0.8025,1.6475,0
3.4575,0.4,2.2460683760683757,1.16,1.4325,0.865,6.8,7.2,7.0,1,1,2,0.7075,0.725,0.865,0.6075,1.16,0
4.2325,0.84,2.2460683760683757,1.6025,1.715,0.915,8.15,7.770999999999999,6.7,1,1,1,0.82,0.895,0.915,0.725,1.6025,0
3.5925,0.92,2.2460683760683757,1.185,1.6375,0.77,7.154000000000001,9.5,9.22,1,1,3,0.7875,0.85,0.77,0.575,1.185,0
3.633333333,0.92,2.2460683760683757,1.1966666670000001,1.5766666669999998,0.86,7.75,8.72,6.462000000000001,1,1,1,0.7566666667,0.82,0.86,0.5966666667,1.1966666670000001,0
4.133333333,0.92,2.2460683760683757,1.6333333330000002,1.7,0.8,6.2,7.4,6.9,1,1,1,0.86,0.84,0.8,0.7766666667000001,1.6333333330000002,0
3.91,1.0,2.94,1.5275,1.535,0.85,5.821,9.5,7.4670000000000005,2,1,1,0.79,0.745,0.85,0.7975,1.5275,1
3.9,0.68,2.57,1.435,1.625,0.835,5.8,7.8,5.6,2,1,1,0.835,0.79,0.835,0.9,1.435,1
3.86,0.8,2.76,1.415,1.6075,0.835,6.12,9.22,6.892,1,1,2,0.8175,0.79,0.835,0.9,1.415,0
4.18,0.76,2.76,1.5825,1.715,0.88,7.6,8.2,6.7379999999999995,1,1,1,0.88,0.835,0.88,0.7625,1.5825,1
2.495,0.88,2.2460683760683757,1.025,1.015,0.455,6.96,8.126999999999999,6.0,2,1,2,0.35,0.49,0.525,0.455,0.675,1
3.866,1.0,1.61,1.76,1.682,0.7759999999999999,8.4,8.382,7.523999999999999,1,1,1,0.835,0.8540000000000001,0.828,0.7759999999999999,0.925,0
3.488,0.76,1.54,1.4725,1.598,0.7120000000000001,6.34,7.220000000000001,5.846,2,1,1,0.7075,0.804,0.794,0.7120000000000001,0.765,0
3.90125,1.0,3.0,1.53125,1.595,0.775,7.159999999999999,9.7,9.6,1,1,1,0.75625,0.835,0.76,0.775,0.775,0
4.0775,0.96,3.0,1.655,1.625,0.7975,7.7,8.66,8.494,1,1,1,0.85,0.82,0.805,0.7975,0.805,0
4.195,1.0,3.0,1.715,1.7425,0.7375,5.891,8.22,7.615,2,4,1,0.85,0.835,0.9075,0.7375,0.865,0
4.01625,1.0,3.0,1.59375,1.61,0.8125,8.8,9.2,8.9,1,1,2,0.79375,0.805,0.805,0.8125,0.8,0
4.10625,1.0,2.69,1.6475,1.67,0.78875,5.8,9.0,8.01,2,1,2,0.8125,0.835,0.835,0.78875,0.835,0
4.09375,1.0,3.0,1.6175,1.6075,0.86875,6.003,9.091,6.95627857142857,1,1,2,0.8125,0.8025,0.805,0.86875,0.805,1
3.99125,1.0,3.0,1.58,1.64,0.77125,7.392,9.7,9.45,1,1,2,0.775,0.805,0.835,0.77125,0.805,0
4.0275,1.0,2.64,1.605,1.5125,0.91,6.89,8.6,7.2,1,1,2,0.71,0.6775,0.835,0.91,0.895,0
3.6925,1.0,2.2460683760683757,1.3025,1.495,0.895,7.377,7.040000000000001,7.24,1,1,2,0.71,0.7875,0.7075,0.895,0.5925,0
4.0475,0.96,2.94,1.535,1.5875,0.925,5.986,10.0,9.4,2,1,1,0.79,0.7525,0.835,0.925,0.745,0
4.505,1.0,2.94,1.775,1.79,0.94,7.279999999999999,8.17,5.66,2,1,1,0.91,0.895,0.895,0.94,0.865,1
4.4475,1.0,2.94,1.7225,1.755,0.97,6.75,5.215,5.1530000000000005,2,1,1,0.9225,0.8775,0.8775,0.97,0.8,0
4.2175,1.0,2.22,1.655,1.6975,0.865,6.9719999999999995,9.673,8.369,1,1,1,0.895,0.8625,0.835,0.865,0.76,0
3.98,1.0,2.2460683760683757,1.575,1.555,0.85,6.24,9.5,6.65,1,1,3,0.865,0.7525,0.8025,0.85,0.71,0
4.235,0.96,1.8,1.655,1.7,0.88,7.58,8.8,9.4,1,1,2,0.88,0.88,0.82,0.88,0.775,1
4.26,0.88,2.1,1.595,1.725,0.94,6.8,9.3,5.8,2,1,1,0.88,0.875,0.85,0.94,0.715,0
3.4,0.96,2.2460683760683757,1.2875,1.355,0.7575,6.8,7.872,8.475,1,1,3,0.6925,0.6275,0.7275,0.7575,0.595,1
4.15,0.96,2.2460683760683757,1.465209248496124,1.5673950258423774,0.8315731050819122,7.5,9.5,9.7,1,1,2,0.75,0.865,0.85,0.88,0.805,0
4.35,0.92,2.1,1.465209248496124,1.5673950258423774,0.8315731050819122,6.2,7.3,6.3,1,1,1,0.88,0.865,0.875,0.865,0.865,0
4.34,0.96,2.81,1.715,1.745,0.88,5.5,9.0,7.0,2,1,1,0.895,0.88,0.865,0.88,0.82,0
4.355,1.0,2.1,1.465209248496124,1.5673950258423774,0.8315731050819122,6.97,8.8,8.65,1,1,2,0.88,0.865,0.85,0.925,0.835,0
3.655,0.94,2.5,1.41375,1.67,0.8540000000000001,6.295,8.76,6.215,1,1,3,0.77125,0.8420000000000001,0.828,0.8540000000000001,0.6425,0
3.843,0.94,2.5,1.58875,1.706,0.866,6.45,7.640000000000001,7.459999999999999,1,1,2,0.86125,0.83,0.8759999999999999,0.866,0.7275,0
3.657,0.94,2.5,1.49125,1.6340000000000001,0.83,6.174,5.804,6.6659999999999995,2,1,1,0.79375,0.83,0.804,0.83,0.6975,0
3.7535,0.65,2.5,1.649375,1.694,0.74,7.09,6.4,6.540000000000001,1,1,2,0.784375,0.828,0.866,0.74,0.865,0
3.37375,1.0,2.5,1.351666667,1.51,0.85,7.2,4.0,4.3,2,4,1,0.725,0.785,0.725,0.85,0.6266666667,0
3.48625,0.35,2.2460683760683757,1.32875,1.3825,0.775,6.853,6.4,6.0,2,1,2,0.68625,0.6925,0.69,0.775,0.6425,1
3.387,0.35,3.0,1.40125,1.472,0.794,6.0,7.6,5.76,2,1,2,0.72375,0.732,0.74,0.794,0.6775,0
4.238,1.0,2.02,1.5675,1.79,0.88,6.175,7.3,4.6,2,1,1,0.75,0.895,0.895,0.88,0.8175,0
3.8480000000000003,0.73,2.03,1.0875,1.775,0.985,6.534999999999999,8.74,7.62,1,1,1,0.615,0.865,0.91,0.985,0.4725,0
4.008,0.68,2.02,1.4,1.6825,0.925,5.72,7.364,6.081,2,1,1,0.7275,0.8175,0.865,0.925,0.6725,0
4.069,0.86,2.03,1.336875,1.7925,0.94,7.86,6.0,5.37,2,4,1,0.704375,0.9425,0.85,0.94,0.6325,0
3.279,1.0,2.0,1.0816666670000001,1.38,0.8175,6.5,8.66,8.305,1,1,1,0.615,0.72,0.66,0.8175,0.4666666667,0
4.367,0.73,1.82,1.621875,1.805,0.94,5.54,6.384,6.24,2,1,2,0.801875,0.91,0.895,0.94,0.82,0
4.018,0.64,2.01,1.335,1.7575,0.925,6.2,7.2,7.5,1,1,2,0.6825,0.8625,0.895,0.925,0.6525,0
4.141,0.59,2.2460683760683757,1.485625,1.76,0.895,6.623,8.964,8.209999999999999,1,1,1,0.768125,0.895,0.865,0.895,0.7175,1
3.3280000000000003,0.5,1.84,1.010625,1.4825,0.835,6.305,8.0,8.85,1,1,2,0.520625,0.7725,0.71,0.835,0.49,1
3.548,0.5,2.2460683760683757,1.060625,1.5775,0.91,6.56,7.456,7.616,1,1,3,0.555625,0.82,0.7575,0.91,0.505,1
4.083,0.55,2.2460683760683757,1.3225,1.79,0.97,8.16,8.7,6.1,1,2,2,0.735,0.895,0.895,0.97,0.5875,0
4.455,0.0,2.02,1.6225,1.925,0.9075,7.73,9.309999999999999,8.440000000000001,1,1,2,0.81,0.985,0.94,0.9075,0.8125,1
4.393,0.0,2.03,1.5275,1.88,0.985,7.01,8.26,5.446,2,1,1,0.8125,0.955,0.925,0.985,0.715,1
4.078,0.0,1.92,1.455,1.775,0.8475,6.87,8.74,8.4,1,1,1,0.72,0.925,0.85,0.8475,0.735,0
4.1375,1.0,2.27,1.92,1.7875,0.91,7.6,9.248000000000001,8.51,1,1,3,1.0,0.91,0.8775,0.91,0.92,0
4.149,0.94,2.33,1.8025,1.743,0.9640000000000001,7.339,9.6,9.5,1,1,3,0.8775,0.9009999999999999,0.8420000000000001,0.9640000000000001,0.925,0
3.9275,1.0,2.13,1.8,1.6975,0.88,6.3,8.0,7.1,1,1,3,0.96,0.8175,0.88,0.88,0.84,1
3.565,0.94,2.2,1.54,1.6225,0.7875,7.3,6.540000000000001,6.659999999999999,1,1,1,0.84,0.82,0.8025,0.7875,0.7,0
4.02,1.0,2.2460683760683757,1.62,1.58,0.82,5.5,8.8,7.890000000000001,2,1,2,0.84,0.8,0.78,0.82,0.78,1
4.7,1.0,2.2460683760683757,1.92,1.88,0.9,6.36,7.8,7.61,1,1,1,0.98,0.96,0.92,0.9,0.94,0
3.66,1.0,2.3,1.5475,1.618,0.804,8.39,7.4,7.12,1,1,1,0.835,0.828,0.79,0.804,0.7125,0
3.9819999999999998,1.0,2.5,1.73,1.66,0.938,8.34,9.216,8.95,1,1,2,0.88,0.8540000000000001,0.8059999999999999,0.938,0.85,0
3.4760000000000004,0.96,2.4,1.39,1.534,0.83,5.98,7.540000000000001,7.4,2,1,1,0.725,0.7759999999999999,0.758,0.83,0.665,1
3.852,1.0,2.6,1.625,1.662,0.89,5.8,7.414,6.95627857142857,2,1,1,0.85,0.868,0.794,0.89,0.775,0
3.7585,0.96,2.2,1.58,1.6545,0.84,6.7,6.75,6.8,1,1,2,0.79,0.8265,0.828,0.84,0.79,1
3.7460000000000004,1.0,2.6,1.5725,1.6580000000000001,0.83,7.4,8.751999999999999,8.233,1,1,1,0.865,0.866,0.792,0.83,0.7075,0
3.69,1.0,2.2,1.565,1.734,0.88,5.718,7.7,7.109999999999999,2,1,2,0.835,0.868,0.866,0.88,0.73,0
4.083333333,0.96,2.2460683760683757,1.4583333330000001,1.7,0.925,5.6,7.5840000000000005,7.081,2,1,2,0.7875,0.85,0.85,0.925,0.6708333333,0
4.0225,1.0,2.2460683760683757,1.4725,1.685,0.865,7.5,9.264,8.805,1,1,1,0.7575,0.865,0.82,0.865,0.715,0
4.215,0.96,2.2460683760683757,1.605,1.73,0.88,8.56,8.93,8.98,1,1,2,0.85,0.88,0.85,0.88,0.755,0
4.185,0.96,2.2460683760683757,1.575,1.715,0.895,6.7,6.7299999999999995,6.0,2,4,1,0.82,0.865,0.85,0.895,0.755,0
4.5625,0.92,2.2460683760683757,1.625,1.9375,1.0,7.3,8.0,8.6,1,1,3,0.865,0.9675,0.97,1.0,0.76,0
4.1275,1.0,2.2460683760683757,1.34,1.8325,0.955,6.0,7.3,5.5,2,1,1,0.735,0.9075,0.925,0.955,0.605,1
4.1775,1.0,2.2460683760683757,1.3575,1.865,0.955,7.02,8.2,7.9879999999999995,1,1,1,0.7975,0.955,0.91,0.955,0.56,0
4.705,0.89,2.2460683760683757,1.825,1.94,0.94,5.741,6.68,5.892,2,3,1,0.985,0.985,0.955,0.94,0.84,0
4.16,1.0,2.2460683760683757,1.4025,1.8025,0.955,5.9,7.636,7.1209999999999996,2,1,1,0.8,0.895,0.9075,0.955,0.6025,0
4.465,0.68,2.2460683760683757,1.6775,1.8025,0.985,6.4319999999999995,7.159999999999999,4.87,2,1,3,0.9375,0.9075,0.895,0.985,0.74,0
4.0125,0.89,2.2460683760683757,1.3675,1.735,0.91,6.74,8.2,7.4,1,1,1,0.83,0.86,0.875,0.91,0.5375,1
3.948,1.0,3.0,1.65,1.724,0.904,8.75,9.3,9.6,1,2,1,0.85,0.856,0.868,0.904,0.8,1
3.9419999999999997,1.0,2.7,1.66,1.722,0.892,6.792,8.273,6.169,1,1,1,0.8875,0.866,0.856,0.892,0.7725,0
3.428,0.92,1.05,1.4775,1.484,0.762,7.0,8.379999999999999,5.633,2,1,1,0.7875,0.762,0.722,0.762,0.69,0
3.8085,1.0,3.0,1.430625,1.796,0.868,6.7299999999999995,8.512,8.016,1,1,1,0.790625,0.9279999999999999,0.868,0.868,0.64,0
4.04,1.0,0.0,1.4725,1.7025,0.865,7.77,8.709,7.462000000000001,1,1,1,0.8125,0.85,0.8525,0.865,0.66,1
3.549,0.83,1.72,1.52875,1.446,0.88,7.17,8.945,6.167,1,1,2,0.86875,0.708,0.738,0.88,0.66,0
3.84625,0.92,1.61,1.42375,1.5875,0.835,6.36,8.8,6.8,1,1,1,0.79375,0.8325,0.755,0.835,0.63,0
3.528,0.91,2.2460683760683757,1.7,1.3940000000000001,0.774,6.1,7.9,6.1,1,1,1,0.91,0.738,0.82,0.774,0.79,0
3.742,0.91,1.05,1.76,1.536,0.7979999999999999,7.25,9.6,9.7,1,1,3,0.955,0.774,0.762,0.7979999999999999,0.805,0
3.435,0.82,2.2460683760683757,1.2225,1.3825,0.83,7.34,7.0,7.5,1,4,1,0.645,0.7175,0.665,0.83,0.5775,1
3.832,0.82,1.12,1.75,1.548,0.884,7.88,7.781999999999999,7.519,1,1,1,0.925,0.762,0.7859999999999999,0.884,0.825,0
4.0375,0.95,2.2460683760683757,1.635,1.5525,0.85,6.04,7.6,7.4,1,1,2,0.865,0.75,0.8025,0.85,0.77,1
4.635,0.95,2.2460683760683757,1.85,1.785,1.0,7.69,7.9799999999999995,6.9,1,1,1,0.985,0.86,0.925,1.0,0.865,1
4.34,0.91,2.2460683760683757,1.73,1.605,1.005,8.17,7.964,8.094,1,1,1,0.94,0.815,0.79,1.005,0.79,0
4.36,0.86,3.0,1.835,1.892,1.0,6.8,8.7,8.4,1,1,2,0.94,0.9279999999999999,0.9640000000000001,1.0,0.895,0
4.0275,0.73,2.2460683760683757,1.5775,1.57,0.88,7.7,7.7,6.6,1,4,1,0.835,0.8,0.77,0.88,0.7425,1
4.313333333,0.73,2.2460683760683757,1.723333333,1.59,1.0,7.88,7.659999999999999,7.76,1,3,1,0.9466666667,0.77,0.82,1.0,0.7766666667000001,1
4.395,0.64,2.2460683760683757,1.775,1.71,0.91,6.689,7.42,6.086,1,1,1,0.925,0.815,0.895,0.91,0.85,0
4.26,0.59,1.82,1.6375,1.6675,0.955,6.75,8.6,6.523000000000001,1,1,2,0.88,0.8325,0.835,0.955,0.7575,0
4.485,0.59,2.57,1.835,1.71,0.94,6.87,7.18,6.56,1,1,2,0.955,0.865,0.845,0.94,0.88,0
4.44,0.14,2.2460683760683757,1.54,1.9,1.0,6.906999999999999,8.802,7.9079999999999995,1,1,2,0.84,0.92,0.98,1.0,0.7,1
4.02,0.96,2.2460683760683757,1.56,1.685,0.775,7.8,7.6,7.2,1,1,2,0.845,0.865,0.82,0.775,0.715,0
4.224,1.0,2.2460683760683757,1.524,1.82,0.88,5.9030000000000005,9.5,7.0,2,1,1,0.955,0.9159999999999999,0.904,0.88,0.76,0
3.8139999999999996,0.92,2.2460683760683757,1.38,1.6019999999999999,0.8320000000000001,7.2,7.359999999999999,7.034999999999999,1,1,2,0.82,0.772,0.83,0.8320000000000001,0.7240000000000001,0
3.938,1.0,2.2460683760683757,1.44,1.72,0.778,7.85,8.309000000000001,7.056,1,1,1,0.88,0.878,0.8420000000000001,0.778,0.736,0
4.19,1.0,2.2460683760683757,1.595,1.625,0.85,6.44,8.33,8.709999999999999,1,1,1,0.865,0.79,0.835,0.85,0.73,0
4.2925,1.0,2.2460683760683757,1.5925,1.805,0.895,6.8,9.2,8.440000000000001,1,1,1,0.8775,0.925,0.88,0.895,0.715,0
3.862,1.0,2.2460683760683757,1.354,1.712,0.7959999999999999,6.4,6.5120000000000005,7.6,1,1,3,0.835,0.856,0.856,0.7959999999999999,0.6859999999999999,0
3.9960000000000004,1.0,2.2460683760683757,1.416,1.7480000000000002,0.8320000000000001,6.39,8.26,8.36,1,1,1,0.895,0.88,0.868,0.8320000000000001,0.7,0
4.365,1.0,2.2460683760683757,1.67,1.8925,0.8025,7.4,8.93,8.440000000000001,1,1,2,0.97,0.97,0.9225,0.8025,0.7,0
3.8875,0.8,2.2460683760683757,1.4425,1.55,0.895,7.07,7.8,7.723999999999999,1,1,1,0.745,0.745,0.805,0.895,0.6975,0
3.778,0.92,2.2460683760683757,1.35,1.62,0.8079999999999999,6.9159999999999995,8.0,7.56,1,1,2,0.8325,0.8420000000000001,0.778,0.8079999999999999,0.684,0
4.13,1.0,2.2460683760683757,1.64,1.715,0.775,7.0,6.0600000000000005,7.1,1,4,1,0.925,0.91,0.805,0.775,0.715,0
3.845,1.0,2.2460683760683757,1.505,1.535,0.805,6.5,8.6,6.5,1,1,2,0.76,0.76,0.775,0.805,0.745,0
4.2625,0.92,2.2460683760683757,1.745,1.6975,0.82,5.8,8.4,6.4,2,1,1,0.97,0.8925,0.805,0.82,0.775,0
4.205,1.0,2.2460683760683757,1.595,1.76,0.85,6.5,8.0,6.267,1,4,1,0.85,0.91,0.85,0.85,0.745,0
4.6175,1.0,2.2460683760683757,1.7525,1.925,0.94,8.34,8.333,5.66,2,1,1,0.88,0.97,0.955,0.94,0.8725,0
4.0275,1.0,2.2460683760683757,1.63,1.5775,0.82,6.59,8.7,9.11,1,2,2,0.82,0.7875,0.79,0.82,0.81,0
4.67,0.91,2.2460683760683757,1.88,1.88,0.91,6.69,5.171,5.4799999999999995,2,4,1,0.925,0.955,0.925,0.91,0.955,0
4.005,0.91,2.2460683760683757,1.62,1.5825,0.8025,6.62,7.2,6.0,2,1,2,0.7725,0.815,0.7675,0.8025,0.8475,0
3.55,0.57,2.2460683760683757,1.473333333,1.36,0.7166666667,6.5200000000000005,9.5,7.959999999999999,1,1,2,0.7366666667,0.67,0.69,0.7166666667,0.7366666667,1
4.015,0.83,2.2460683760683757,1.5125,1.6525,0.85,5.5,6.964,4.7,2,1,2,0.82,0.85,0.8025,0.85,0.6925,0
3.8489999999999998,1.0,2.63,1.4275,1.791,0.9159999999999999,6.93,9.1,7.540000000000001,1,1,1,0.8075,0.887,0.904,0.9159999999999999,0.62,0
4.15375,1.0,2.2460683760683757,1.49875,1.775,0.88,7.575,6.87,6.65,1,4,1,0.85625,0.91,0.865,0.88,0.6425,0
4.15,1.0,2.2460683760683757,1.47,1.74,0.94,6.5280000000000005,7.8,8.49,1,1,3,0.8466666667,0.9,0.84,0.94,0.6233333333,1
3.5725,0.95,2.82,1.35,1.6975,0.8625,7.458,7.790000000000001,7.74,1,1,2,0.79,0.8475,0.85,0.8625,0.56,0
3.53,1.0,1.05,1.445,1.588,0.7859999999999999,8.19,8.4,9.2,1,1,1,0.8025,0.802,0.7859999999999999,0.7859999999999999,0.6425,0
4.2325,0.85,2.2460683760683757,1.4425,1.835,0.955,8.69,8.74,8.147,1,1,3,0.835,0.91,0.925,0.955,0.6075,0
4.208,1.0,2.63,1.7225,1.9140000000000001,0.9159999999999999,6.9,6.956999999999999,7.340000000000001,1,1,1,0.9175,0.938,0.976,0.9159999999999999,0.805,0
3.694,1.0,1.46,1.5425,1.66,0.8,7.93,9.5,9.0,1,1,1,0.885,0.86,0.8,0.8,0.6575,0
4.03125,0.85,2.2460683760683757,1.43125,1.755,0.845,5.8,6.3,6.3,2,1,2,0.82375,0.91,0.845,0.845,0.6075,1
4.10625,0.9,2.2460683760683757,1.42375,1.7575,0.925,5.7,7.661,6.333,2,1,2,0.81125,0.8775,0.88,0.925,0.6125,0
4.065,0.7,2.2460683760683757,1.4,1.755,0.91,6.55,8.4,6.9,1,1,1,0.735,0.88,0.875,0.91,0.8325,1
3.523,0.85,1.05,1.33125,1.672,0.7859999999999999,7.6579999999999995,8.2,6.723000000000001,1,1,2,0.75875,0.8220000000000001,0.85,0.7859999999999999,0.5725,0
4.064,0.85,3.0,1.49,1.92,0.9520000000000001,6.49,7.6,5.779999999999999,2,1,1,0.8125,0.9520000000000001,0.968,0.9520000000000001,0.6775,0
3.517,0.85,1.05,1.32875,1.62,0.8340000000000001,7.534000000000001,8.327,6.723000000000001,1,1,2,0.77125,0.81,0.81,0.8340000000000001,0.5575,0
4.065,0.8,1.05,1.3525,1.7575,0.955,8.7,8.690999999999999,7.031000000000001,1,1,2,0.7925,0.8625,0.895,0.955,0.56,0
4.085,0.96,2.2460683760683757,1.49,1.64,0.955,7.6,8.6,5.9,2,1,2,0.73,0.82,0.82,0.955,0.76,1
3.69,0.04,2.2460683760683757,1.4175,1.48,0.79,6.66,6.0200000000000005,6.769,1,1,1,0.735,0.74,0.74,0.79,0.6825,0
4.02,1.0,2.2460683760683757,1.515,1.625,0.88,5.7,6.8,6.5,2,1,1,0.755,0.805,0.82,0.88,0.76,0
3.43,0.92,2.03,1.425,1.5419999999999998,0.746,6.8,8.091,5.617,2,1,3,0.76,0.758,0.784,0.746,0.665,0
4.06,0.88,2.2460683760683757,1.565,1.655,0.835,6.79,7.414,6.917,1,1,1,0.82,0.835,0.82,0.835,0.745,1
3.77,0.69,2.81,1.48875,1.66,0.9159999999999999,8.96,9.3,8.78,1,1,2,0.77875,0.816,0.8440000000000001,0.9159999999999999,0.71,0
3.9,0.65,2.94,1.6275,1.686,0.9159999999999999,1.0,7.356999999999999,7.42,2,1,2,0.82,0.8420000000000001,0.8440000000000001,0.9159999999999999,0.8075,0
4.36,0.65,2.2460683760683757,1.61,1.81,0.94,6.6,8.453,8.65,1,2,1,0.88,0.88,0.93,0.94,0.73,1
4.11,1.0,2.2460683760683757,1.446,1.7480000000000002,0.9159999999999999,7.117,9.382,7.383,1,2,1,0.85,0.868,0.88,0.9159999999999999,0.7659999999999999,1
4.18,1.0,2.2460683760683757,1.685,1.67,0.82,7.003,8.18,6.633,1,1,1,0.85,0.82,0.85,0.82,0.835,0
4.16,1.0,2.2460683760683757,1.625,1.71,0.82,6.984,8.02,6.415000000000001,1,1,1,0.82,0.895,0.815,0.82,0.805,0
3.96,0.96,2.2460683760683757,1.61,1.808,0.868,8.21,8.576,8.666,1,1,3,0.85,0.9159999999999999,0.892,0.868,0.76,0
3.79,0.83,2.2460683760683757,1.5875,1.6480000000000001,0.868,7.03,7.9799999999999995,5.46,2,1,2,0.8175,0.794,0.8540000000000001,0.868,0.77,0
4.0,0.65,2.2460683760683757,1.541875,1.71875,0.74,6.059,8.2,6.6,1,1,1,0.816875,0.86875,0.85,0.74,0.725,0
4.67,1.0,2.2460683760683757,1.805,1.94,0.925,5.5,6.0600000000000005,5.8,2,1,2,0.97,0.97,0.97,0.925,0.835,0
4.43,1.0,2.2460683760683757,1.76,1.76,0.91,5.0,6.2,5.8,2,1,3,0.88,0.88,0.88,0.91,0.88,0
4.04,0.91,2.2460683760683757,1.67,1.67,0.7,6.5,9.7,7.9,1,1,2,0.88,0.88,0.79,0.7,0.79,1
3.905,0.83,2.2460683760683757,1.58,1.625,0.7,6.4,7.6,6.5,1,1,1,0.88,0.88,0.745,0.7,0.7,1
3.95,0.87,2.2460683760683757,1.58,1.625,0.745,5.79,6.88,6.406000000000001,2,1,1,0.88,0.88,0.745,0.745,0.7,0
4.22,0.87,2.2460683760683757,1.67,1.76,0.79,7.3,8.1,8.2,1,1,1,0.88,0.88,0.88,0.79,0.79,0
4.04,0.35,2.2460683760683757,1.58,1.76,0.7,5.7490000000000006,7.927,5.75,2,1,1,0.88,0.88,0.88,0.7,0.7,1
3.4825,0.96,2.4,1.225625,1.61,0.892,7.640000000000001,6.640000000000001,6.44,1,2,2,0.665625,0.818,0.792,0.892,0.56,1
4.48125,0.96,2.2460683760683757,1.66375,1.8175,1.0,7.71,8.17,5.8,2,1,2,0.90625,0.8925,0.925,1.0,0.7575,0
4.22,0.92,2.2,1.615,1.725,0.88,7.32,7.7,6.7,1,1,1,0.925,0.865,0.86,0.88,0.69,1
3.3615,0.79,2.5,1.294375,1.494,0.8320000000000001,6.14,6.5,6.95627857142857,1,1,1,0.684375,0.74,0.754,0.8320000000000001,0.61,0
3.7035,0.88,2.25,1.444375,1.64,0.9079999999999999,7.08,9.3,9.6,1,1,2,0.819375,0.828,0.812,0.9079999999999999,0.625,0
3.8825,0.79,2.4,1.655625,1.618,0.94,6.5,9.0,9.26,1,1,2,0.903125,0.802,0.816,0.94,0.7525,1
4.529375,0.79,2.2460683760683757,1.756875,1.7875,0.985,8.0,7.4,6.9,1,4,1,0.921875,0.8925,0.895,0.985,0.835,0
4.199375,0.75,2.2460683760683757,1.536875,1.7525,0.91,7.314,9.2,9.34,1,1,2,0.846875,0.875,0.8775,0.91,0.69,0
4.334375,0.75,2.2460683760683757,1.651875,1.7725,0.91,7.1,9.5,7.5,1,1,1,0.884375,0.8925,0.88,0.91,0.7675,1
4.1335,0.79,2.9,1.794375,1.734,0.9640000000000001,7.185,9.5,8.92,1,1,2,0.944375,0.8540000000000001,0.88,0.9640000000000001,0.85,0
3.8895,0.75,2.3,1.761875,1.6019999999999999,0.878,6.2,7.2,8.4,1,1,2,0.914375,0.79,0.812,0.878,0.8475,0
3.9625,1.0,2.2460683760683757,1.5475,1.565,0.85,7.5,8.2,9.3,1,1,1,0.6975,0.745,0.82,0.85,0.85,1
3.945,0.65,2.2460683760683757,1.5475,1.5625,0.835,6.24,7.9,6.9239999999999995,1,1,2,0.7725,0.79,0.7725,0.835,0.775,0
4.22,0.91,2.2460683760683757,1.685,1.7,0.835,8.2,8.3,7.8,1,1,2,0.865,0.835,0.865,0.835,0.82,0
4.0675,0.48,2.2460683760683757,1.625,1.6375,0.805,6.01,5.454,5.465999999999999,2,1,1,0.82,0.82,0.8175,0.805,0.805,0
3.92,0.3,2.2460683760683757,1.6,1.54,0.78,7.5,6.5,5.0,2,1,1,0.78,0.76,0.78,0.78,0.82,1
3.845,0.83,2.2460683760683757,1.49,1.535,0.82,7.1,9.5,9.790000000000001,1,1,3,0.775,0.76,0.775,0.82,0.715,0
4.205,0.7,2.2460683760683757,1.565,1.685,0.955,5.51,8.927,8.3,2,1,2,0.82,0.88,0.805,0.955,0.745,0
3.83,0.48,2.2460683760683757,1.4333333330000002,1.56,0.84,7.49,5.872,6.866,2,1,3,0.7333333333,0.78,0.78,0.84,0.7,0
4.28,0.52,2.2460683760683757,1.68,1.68,0.92,6.71,6.141,5.4,2,4,1,0.88,0.86,0.82,0.92,0.8,0
4.1,0.43,2.2460683760683757,1.55,1.625,0.925,7.74,8.77,7.55,1,1,1,0.82,0.82,0.805,0.925,0.73,0
3.7325,0.92,2.2460683760683757,1.465,1.48,0.7875,4.0,5.45,6.35,3,1,1,0.755,0.74,0.74,0.7875,0.71,0
4.115,0.96,2.2460683760683757,1.67,1.64,0.805,9.1,9.3,9.59,1,1,2,0.865,0.82,0.82,0.805,0.805,0
3.4325,0.96,2.2460683760683757,1.3575,1.3775,0.6975,6.8790000000000004,7.5,8.0,1,1,2,0.6775,0.6475,0.73,0.6975,0.68,1
3.64,0.88,2.2460683760683757,1.46,1.42,0.76,6.5,5.3,5.720000000000001,2,1,2,0.73,0.69,0.73,0.76,0.73,1
3.3625,0.84,2.2460683760683757,1.305,1.3425,0.715,6.089,8.945,7.134,1,1,2,0.695,0.6625,0.68,0.715,0.61,0
3.86,0.76,2.2460683760683757,1.48,1.56,0.82,6.04,8.945,6.05,1,1,1,0.78,0.8,0.76,0.82,0.7,0
3.7625,0.76,2.2460683760683757,1.465,1.51,0.7875,5.733,5.2,5.4,4,1,1,0.7525,0.7375,0.7725,0.7875,0.7125,0
3.2475,0.6,2.2460683760683757,1.325,1.2575,0.665,6.52,7.2,8.495000000000001,1,1,1,0.6625,0.5775,0.68,0.665,0.6625,1
4.22,1.0,2.2460683760683757,1.52,1.88,0.82,6.69,8.5,5.5,2,1,1,0.82,0.94,0.94,0.82,0.7,0
4.07,1.0,2.2460683760683757,1.46,1.61,1.0,6.5,8.992,8.25,1,1,1,0.76,0.82,0.79,1.0,0.7,1
4.76,0.88,2.2460683760683757,1.82,1.94,1.0,6.3,7.0,5.6,2,1,3,0.94,0.94,1.0,1.0,0.88,0
4.31,0.63,2.2460683760683757,1.52,1.79,1.0,6.673,8.153,6.9,1,1,1,0.82,0.79,1.0,1.0,0.7,0
4.17,0.63,2.2460683760683757,1.45,1.88,0.84,6.93,8.909,5.2,2,1,1,0.82,0.88,1.0,0.84,0.63,0
4.21,0.92,2.2460683760683757,1.57,1.64,1.0,6.7,7.8,8.7,1,1,2,0.85,0.82,0.82,1.0,0.72,0
3.74375,1.0,2.2460683760683757,1.32375,1.42,1.0,7.293000000000001,9.236,5.5,2,2,2,0.69375,0.73,0.69,1.0,0.63,1
4.4075,1.0,2.2460683760683757,1.7375,1.73,0.94,7.106,6.34,7.5,1,1,1,0.8875,0.88,0.85,0.94,0.85,0
4.46,1.0,2.2460683760683757,1.7,1.79,0.97,8.67,8.8,9.559999999999999,1,1,2,0.85,0.85,0.94,0.97,0.85,0
2.205,0.5,2.2460683760683757,0.875,0.77,0.56,5.978,7.0,7.0,2,1,1,0.525,0.385,0.385,0.56,0.35,1
3.995,1.0,2.2460683760683757,1.475,1.61,0.91,7.94,10.0,8.51,1,1,2,0.775,0.79,0.82,0.91,0.7,0
4.8725,0.92,2.2460683760683757,1.9325,1.94,1.0,6.4,7.2,7.0200000000000005,1,1,1,0.9625,0.94,1.0,1.0,0.97,0
3.5625,0.75,2.2460683760683757,1.2325,1.48,0.85,6.67,8.3,8.8,1,1,2,0.6125,0.755,0.725,0.85,0.62,0
3.575,1.0,2.2460683760683757,1.345,1.48,0.75,6.44,6.16,6.0,2,1,3,0.56,0.79,0.69,0.75,0.785,1
3.7,0.94,2.2460683760683757,1.335,1.46,0.905,7.5,8.4,6.7,1,1,1,0.85,0.815,0.645,0.905,0.485,1
3.525,0.94,2.2460683760683757,1.24,1.44,0.845,5.6979999999999995,7.9,7.0,2,1,2,0.63,0.82,0.62,0.845,0.61,0
3.655,1.0,2.2460683760683757,1.39,1.445,0.82,6.57,7.9,7.8,1,1,2,0.69,0.755,0.69,0.82,0.7,1
3.615,0.83,2.2460683760683757,1.415,1.48,0.72,7.0,8.0,6.2,1,1,1,0.685,0.725,0.755,0.72,0.73,1
3.55,0.92,2.2460683760683757,1.4,1.33,0.82,7.6,8.65,6.3,1,1,2,0.7,0.63,0.7,0.82,0.7,0
4.31,1.0,2.2460683760683757,1.7,1.73,0.88,7.8,8.829,8.559999999999999,1,1,1,0.97,0.88,0.85,0.88,0.73,0
2.835,0.92,2.2460683760683757,1.155,1.12,0.56,7.42,7.540000000000001,6.877,1,1,1,0.525,0.56,0.56,0.56,0.63,0
3.3,1.0,2.2460683760683757,1.26,1.255,0.785,5.8,7.6,6.5,2,1,2,0.595,0.595,0.66,0.785,0.665,0
3.905,0.92,2.2460683760683757,1.45,1.545,0.91,6.544,8.4,6.885,1,1,1,0.79,0.755,0.79,0.91,0.66,0
3.7225,1.0,2.2460683760683757,1.2375,1.575,0.91,9.58,8.0,6.5,1,4,1,0.6125,0.725,0.85,0.91,0.625,0
3.77625,1.0,2.2460683760683757,1.35125,1.665,0.76,6.890000000000001,8.461,6.583,1,1,3,0.65625,0.85,0.815,0.76,0.695,0
1.75,0.65,2.2460683760683757,0.7,0.7,0.35,6.55,7.12,5.215,2,1,2,0.35,0.35,0.35,0.35,0.35,1
3.11,1.0,2.2460683760683757,1.085,1.36,0.665,7.0,6.5,6.0,2,1,2,0.595,0.63,0.73,0.665,0.49,0
4.245,1.0,2.2460683760683757,1.695,1.67,0.88,6.8,9.559999999999999,7.81,1,1,2,0.845,0.85,0.82,0.88,0.85,0
4.6625,1.0,2.2460683760683757,1.8425,1.82,1.0,6.84,9.5,6.88,1,1,1,0.9025,0.88,0.94,1.0,0.94,0
4.005,0.83,2.2460683760683757,1.575,1.58,0.85,7.89,9.0,9.0,1,1,3,0.785,0.79,0.79,0.85,0.79,1
3.03625,0.89,2.2460683760683757,1.085,1.25125,0.7,6.42,8.848,6.167,1,1,1,0.525,0.65625,0.595,0.7,0.56,1
2.79,0.94,2.2460683760683757,0.98,1.05,0.76,5.9,6.4,7.3,2,4,1,0.525,0.56,0.49,0.76,0.455,0
4.58,1.0,2.2460683760683757,1.76,1.82,1.0,6.2700000000000005,6.506,6.65,1,1,1,0.91,0.97,0.85,1.0,0.85,0
2.7125,0.94,2.2460683760683757,0.98,1.1375,0.595,7.59,8.0,5.88,2,1,2,0.49,0.5775,0.56,0.595,0.49,0
2.68625,0.83,2.2460683760683757,0.84,1.18125,0.665,7.1,8.8,8.9,1,1,1,0.42,0.62125,0.56,0.665,0.42,0
2.61125,1.0,2.2460683760683757,0.735,1.28125,0.595,5.5,8.073,5.5,2,1,2,0.42,0.65125,0.63,0.595,0.63,0
1.8375,0.89,2.2460683760683757,0.7,0.7875,0.35,6.63,5.8,4.5,2,1,2,0.35,0.4375,0.35,0.35,0.35,1
3.82,1.0,2.2460683760683757,1.63,1.63,0.56,6.0,9.4,8.0,2,1,1,0.63,0.88,0.75,0.56,1.0,0
3.69,1.0,2.2460683760683757,1.625,1.475,0.59,8.38,8.5,8.529,1,1,2,0.625,0.69,0.785,0.59,1.0,0
3.23,1.0,2.2460683760683757,1.56,1.05,0.62,6.5,8.0,5.6,2,1,1,0.56,0.56,0.49,0.62,1.0,0
3.865,0.77,2.2460683760683757,1.695,1.48,0.69,6.58,8.096,7.705,1,1,1,0.695,0.82,0.66,0.69,1.0,0
3.1,1.0,2.2460683760683757,1.49,1.05,0.56,5.83,6.928,5.58,2,4,1,0.49,0.56,0.49,0.56,1.0,0
3.88,0.85,2.2460683760683757,1.33,1.58,0.97,7.2,5.7,7.2,2,2,1,0.7,0.76,0.82,0.97,0.63,0
3.68,0.77,2.2460683760683757,1.4,1.4,0.88,8.4,9.2,9.629999999999999,1,1,2,0.7,0.7,0.7,0.88,0.7,1
4.13,1.0,2.2460683760683757,1.4,1.73,1.0,6.11,7.6,6.279999999999999,1,4,1,0.7,0.85,0.88,1.0,0.7,0
4.01,0.69,2.2460683760683757,1.4,1.61,1.0,6.25,9.3,6.2,1,1,1,0.7,0.79,0.82,1.0,0.7,0
2.64,1.0,2.2460683760683757,1.23,1.82,1.0,6.67,7.4,8.6,1,1,1,0.79,0.94,0.88,1.0,0.88,0
3.92,0.85,2.2460683760683757,1.4,1.52,1.0,6.76,8.379999999999999,6.954000000000001,1,1,1,0.7,0.7,0.82,1.0,0.7,0
3.1475,0.8,2.2460683760683757,1.1025,1.29,0.755,5.41,7.927,6.9079999999999995,2,1,2,0.6125,0.665,0.625,0.755,0.49,1
4.79,1.0,2.2460683760683757,1.88,1.91,1.0,7.07,7.814,7.883,1,1,3,0.97,0.94,0.97,1.0,0.91,0
4.24,1.0,2.2460683760683757,1.57,1.67,1.0,6.31,7.65,8.74,1,1,1,0.85,0.85,0.82,1.0,0.72,0
3.58125,1.0,2.2460683760683757,1.25625,1.445,0.88,6.0,8.091,7.292,2,1,1,0.73125,0.82,0.625,0.88,0.525,0
4.91,1.0,2.2460683760683757,1.94,1.97,1.0,7.401000000000001,8.1,7.5,1,1,2,1.0,0.97,1.0,1.0,0.94,0
2.7025,0.5,2.2460683760683757,0.9625,0.98,0.76,7.6,9.456999999999999,7.8,1,1,3,0.6125,0.56,0.42,0.76,0.35,1
4.4975,1.0,2.2460683760683757,1.7375,1.91,0.85,6.7,6.7,5.1,2,4,1,0.8875,0.94,0.97,0.85,0.85,0
4.5275,1.0,2.2460683760683757,1.7375,1.91,0.88,7.0,7.4,5.1,2,4,1,0.8875,0.94,0.97,0.88,0.85,0
3.6975,0.72,2.2460683760683757,1.2775,1.6,0.82,6.3,9.0,8.7,1,1,2,0.6125,0.78,0.82,0.82,0.665,0
4.6025,1.0,2.2460683760683757,1.8125,1.88,0.91,7.5,7.2,5.3,2,3,1,0.9625,0.94,0.94,0.91,0.85,0
3.9825,0.94,2.2460683760683757,1.6175,1.545,0.82,7.1,7.836,5.877000000000001,2,1,1,0.8875,0.785,0.76,0.82,0.73,0
2.48875,0.83,2.2460683760683757,0.81375,1.085,0.59,7.68,8.02,7.868,1,1,1,0.39375,0.525,0.56,0.59,0.42,1
3.335,1.0,2.2460683760683757,1.26,1.225,0.85,6.5,7.6,6.0,2,1,2,0.63,0.63,0.595,0.85,0.63,1
2.865,1.0,2.2460683760683757,1.19,1.05,0.625,7.3,8.2,8.709999999999999,1,1,2,0.525,0.525,0.525,0.625,0.665,1
3.18,1.0,2.2460683760683757,1.26,1.19,0.73,6.8,6.851999999999999,7.3420000000000005,1,1,1,0.63,0.56,0.63,0.73,0.63,0
4.52,1.0,2.2460683760683757,1.7,1.85,0.97,7.55,9.309999999999999,9.059999999999999,1,1,3,0.91,0.85,1.0,0.97,0.79,0
4.0925,1.0,2.2460683760683757,1.5425,1.73,0.82,5.9350000000000005,9.126999999999999,6.235,2,1,2,0.8125,0.85,0.88,0.82,0.73,0
3.81,0.93,2.2460683760683757,1.475,1.545,0.79,7.27,5.86,6.4,2,1,2,0.775,0.755,0.79,0.79,0.7,1
2.0475,0.93,2.2460683760683757,0.8225,0.805,0.42,6.537999999999999,8.309000000000001,5.938000000000001,2,1,1,0.4375,0.42,0.385,0.42,0.385,1
4.58,1.0,2.2460683760683757,1.88,1.76,0.94,6.0,6.0,5.5,4,1,1,1.0,0.88,0.88,0.94,0.88,0
4.19,1.0,2.2460683760683757,1.61,1.64,0.94,6.204,8.2,5.831,2,1,1,0.85,0.88,0.76,0.94,0.76,0
4.385,0.94,2.2460683760683757,1.805,1.7,0.88,6.87,8.727,8.554,1,1,1,0.925,0.88,0.82,0.88,0.88,0
3.575,0.72,2.2460683760683757,1.49,1.36,0.725,7.0,6.673,5.446,2,1,1,0.7,0.66,0.7,0.725,0.79,1
2.6075,0.89,2.2460683760683757,0.8575,1.19,0.56,8.7,8.092,4.7,2,1,1,0.4375,0.56,0.63,0.56,0.42,1
3.87,1.0,2.2460683760683757,1.29,1.76,0.82,6.8,8.24,6.7,1,1,1,0.94,0.88,0.88,0.82,0.35,0
4.08,0.77,2.2460683760683757,1.56,1.7,0.82,6.029999999999999,6.667,6.94,1,1,1,0.56,0.76,0.94,0.82,1.0,1
4.7,1.0,2.2460683760683757,1.88,1.88,0.94,6.2299999999999995,7.9,7.12,1,1,3,0.88,0.94,0.94,0.94,1.0,1
3.76,1.0,2.2460683760683757,1.56,1.51,0.69,6.7,8.24,6.95627857142857,1,1,3,0.56,0.69,0.82,0.69,1.0,0
4.1,0.85,2.2460683760683757,1.76,1.58,0.76,5.544,7.2,8.059999999999999,2,1,1,0.76,0.76,0.82,0.76,1.0,1
3.96,1.0,2.2460683760683757,1.62,1.52,0.82,8.36,8.26,7.5,1,1,2,0.62,0.76,0.76,0.82,1.0,0
3.17,0.64,2.2460683760683757,1.49,1.19,0.49,2.0,5.5,5.4,4,4,1,0.49,0.56,0.63,0.49,1.0,1
4.46,0.93,2.2460683760683757,1.94,1.64,0.88,6.3,7.0,5.559,2,4,1,0.94,0.82,0.82,0.88,1.0,0
3.89,0.93,2.2460683760683757,1.56,1.64,0.69,6.352,7.891,6.752,1,1,2,0.56,0.82,0.82,0.69,1.0,0
3.63,1.0,2.2460683760683757,1.82,1.25,0.56,6.324,7.7,7.909999999999999,1,1,2,0.82,0.62,0.63,0.56,1.0,1
4.6,1.0,2.2460683760683757,1.79,1.81,1.0,7.45,8.109,6.246,1,1,1,0.91,0.81,1.0,1.0,0.88,0
4.73,1.0,2.2460683760683757,1.79,1.94,1.0,5.8,8.892,5.9,2,1,1,0.91,0.94,1.0,1.0,0.88,1
2.69,0.57,2.2460683760683757,1.015,0.945,0.73,6.728,6.2170000000000005,6.0,2,1,1,0.455,0.49,0.455,0.73,0.56,1
4.76,1.0,2.2460683760683757,1.88,1.88,1.0,7.452,9.218,8.0,1,1,1,1.0,0.91,0.97,1.0,0.88,1
4.06875,1.0,2.2460683760683757,1.48875,1.7,0.88,7.0,9.4,7.99,1,1,2,0.76875,0.91,0.79,0.88,0.72,1
3.52125,0.92,2.2460683760683757,1.21625,1.425,0.88,6.85,8.08,6.246,1,1,1,0.65625,0.725,0.7,0.88,0.56,0
3.81875,0.92,2.2460683760683757,1.48875,1.545,0.785,6.91,7.2,6.95627857142857,1,1,3,0.76875,0.725,0.82,0.785,0.72,1
2.9,0.92,2.2460683760683757,0.91,1.26,0.73,5.246,7.0,5.34,2,1,3,0.525,0.665,0.595,0.73,0.385,0
4.22125,1.0,2.2460683760683757,1.53125,1.69,1.0,7.31,8.0,7.9,1,1,1,0.88125,0.84,0.85,1.0,0.65,1
3.6725,1.0,2.2460683760683757,1.3725,1.45,0.85,7.64,7.12,7.65,1,1,2,0.8125,0.75,0.7,0.85,0.56,1
3.0875,0.92,2.2460683760683757,1.1375,1.25,0.7,7.5,7.081,6.3,1,1,1,0.6125,0.625,0.625,0.7,0.525,1
2.3275,0.94,2.2460683760683757,0.7875,0.84,0.7,6.87,8.2,7.7299999999999995,1,1,1,0.4375,0.49,0.35,0.7,0.35,1
2.03,0.82,2.2460683760683757,0.7,0.7,0.63,6.58,6.65,6.38,1,1,1,0.35,0.35,0.35,0.63,0.35,0
2.3975,1.0,2.2460683760683757,0.9275,0.77,0.7,6.545999999999999,8.6,7.045999999999999,1,1,2,0.4375,0.42,0.35,0.7,0.49,1
3.5,1.0,2.2460683760683757,1.4,1.4,0.7,6.71,7.279999999999999,6.659999999999999,1,1,1,0.7,0.7,0.7,0.7,0.7,1
2.415,1.0,2.2460683760683757,1.085,0.77,0.56,7.2,9.2,8.0,1,1,3,0.525,0.42,0.35,0.56,0.56,1
4.0425,1.0,2.2460683760683757,1.5825,1.64,0.82,7.304,7.7,8.86,1,1,3,0.7625,0.82,0.82,0.82,0.82,0
4.01,1.0,2.2460683760683757,1.67,1.58,0.76,7.6,8.4,6.9,1,2,1,0.85,0.76,0.82,0.76,0.82,1
3.95,0.88,2.2460683760683757,1.73,1.52,0.7,7.8790000000000004,9.024,7.35,1,4,1,0.85,0.76,0.76,0.7,0.88,1
2.5375,1.0,2.2460683760683757,0.9275,0.91,0.7,6.0969999999999995,8.5,8.51,1,1,2,0.4375,0.49,0.42,0.7,0.49,1
3.575,1.0,2.2460683760683757,1.475,1.4,0.7,6.2,7.2,6.2,1,1,1,0.775,0.7,0.7,0.7,0.7,1
3.24375,1.0,2.2460683760683757,1.12875,1.355,0.76,7.4,8.416,7.040000000000001,1,1,1,0.56875,0.695,0.66,0.76,0.56,0
4.22,1.0,2.2460683760683757,1.61,1.79,0.82,6.67,8.895999999999999,8.183,1,1,1,0.85,0.88,0.91,0.82,0.76,1
3.28875,1.0,2.2460683760683757,1.16375,1.395,0.73,6.723000000000001,6.08,5.9079999999999995,2,1,1,0.56875,0.73,0.665,0.73,0.595,1
3.48125,1.0,2.2460683760683757,1.32125,1.46,0.7,7.36,6.545,6.764,1,1,2,0.65625,0.73,0.73,0.7,0.665,1
3.2725,0.93,2.2460683760683757,1.2425,1.33,0.7,5.6850000000000005,7.859999999999999,6.096,2,1,2,0.6125,0.7,0.63,0.7,0.63,1
3.14125,0.93,2.2460683760683757,1.07625,1.365,0.7,7.273999999999999,7.0329999999999995,7.58,1,1,1,0.56875,0.7,0.665,0.7,0.5075,0
3.52625,0.93,2.2460683760683757,1.30625,1.52,0.7,7.064,5.433,7.88,2,1,1,0.69375,0.73,0.79,0.7,0.6125,1
3.9,0.94,2.2460683760683757,1.63,1.45,0.82,6.5,7.8,7.0,1,1,1,0.63,0.76,0.69,0.82,1.0,1
4.385,1.0,2.2460683760683757,1.81,1.725,0.85,8.42,8.99,8.43,1,4,3,0.81,0.815,0.91,0.85,1.0,1
3.535,0.94,2.2460683760683757,1.755,1.115,0.665,7.15,8.24,6.154,1,1,1,0.755,0.525,0.59,0.665,1.0,1
3.055,0.82,2.2460683760683757,1.41,1.05,0.595,7.99,8.84,6.667,1,1,1,0.56,0.49,0.56,0.595,0.85,1
4.37,0.88,2.2460683760683757,1.82,1.79,0.76,8.07,8.834999999999999,9.209999999999999,1,1,3,0.82,0.91,0.88,0.76,1.0,1
3.125,0.88,2.2460683760683757,1.375,1.19,0.56,8.229000000000001,8.48,7.045999999999999,1,1,1,0.525,0.595,0.595,0.56,0.85,1
2.765,0.83,2.2460683760683757,0.98,1.225,0.56,6.4,8.1,7.3,1,4,1,0.49,0.63,0.595,0.56,0.49,1
3.8,1.0,2.2460683760683757,1.55,1.55,0.7,7.43,8.6,8.5,1,1,1,0.85,0.85,0.7,0.7,0.7,1
3.08,0.89,2.2460683760683757,1.155,1.26,0.665,6.3,5.6,6.1,2,1,2,0.595,0.63,0.63,0.665,0.56,1
2.94,0.83,2.2460683760683757,1.05,1.19,0.7,7.3,7.1,7.5,1,1,2,0.49,0.63,0.56,0.7,0.56,1
4.4,0.94,2.2460683760683757,1.73,1.85,0.82,5.8,8.91,9.1,2,2,2,0.97,0.91,0.94,0.82,0.76,1
3.325,0.94,2.2460683760683757,1.33,1.33,0.665,7.9,9.3,6.95627857142857,1,1,1,0.7,0.665,0.665,0.665,0.63,1
3.29,1.0,2.2460683760683757,1.33,1.295,0.665,6.74,8.5,8.33,1,1,1,0.7,0.665,0.63,0.665,0.63,1
3.185,0.94,2.2460683760683757,1.26,1.26,0.665,7.0,6.9,4.9,2,4,1,0.665,0.63,0.63,0.665,0.595,1
3.255,0.94,2.2460683760683757,1.33,1.26,0.665,7.4,8.192,5.7829999999999995,2,4,1,0.7,0.63,0.63,0.665,0.63,1
3.18125,0.93,2.2460683760683757,1.15625,1.295,0.73,7.045,9.345,7.85,1,1,2,0.60625,0.63,0.665,0.73,0.55,1
2.38,1.0,2.2460683760683757,0.91,1.05,0.42,6.13,8.14,6.0200000000000005,1,1,2,0.525,0.525,0.525,0.42,0.385,1
2.2925,1.0,2.2460683760683757,0.8925,0.945,0.455,7.2,8.8,8.42,1,1,1,0.5075,0.49,0.455,0.455,0.385,1
2.26625,0.93,2.2460683760683757,0.86625,0.91,0.49,6.01,6.253,6.565,1,1,1,0.48125,0.455,0.455,0.49,0.385,1
2.8,1.0,2.2460683760683757,0.98,1.19,0.63,6.8950000000000005,5.18,6.9670000000000005,2,1,2,0.525,0.595,0.595,0.63,0.455,1
3.84,1.0,2.2460683760683757,1.41,1.64,0.79,7.0,8.834999999999999,8.620000000000001,1,1,2,0.65,0.85,0.79,0.79,0.76,1
2.03875,1.0,2.2460683760683757,0.77875,0.805,0.455,7.3,7.1,5.4,2,1,2,0.39375,0.42,0.385,0.455,0.385,1
3.61,1.0,2.2460683760683757,1.3,1.52,0.79,7.1,8.5,7.0,1,1,2,0.6,0.76,0.76,0.79,0.7,1
4.2125,1.0,2.2460683760683757,1.6025,1.82,0.79,6.95,8.2,7.890000000000001,1,1,2,0.8125,0.94,0.88,0.79,0.79,1
2.54625,1.0,2.2460683760683757,0.90125,1.085,0.56,7.5200000000000005,7.01,6.3,1,1,1,0.48125,0.56,0.525,0.56,0.42,1
2.00375,0.86,2.2460683760683757,0.81375,0.805,0.385,6.01,6.4,6.4,1,1,2,0.39375,0.42,0.385,0.385,0.42,1
3.8825,0.86,2.2460683760683757,1.5725,1.49,0.82,6.6209999999999996,8.02,7.7459999999999996,1,1,1,0.8125,0.76,0.73,0.82,0.76,1
4.05,0.93,2.2460683760683757,1.23,1.88,0.94,5.8,5.1,6.42,3,1,1,0.88,0.94,0.94,0.94,0.35,1
2.89,1.0,2.2460683760683757,1.49,0.91,0.49,5.54,8.603,8.6,2,1,1,0.49,0.42,0.49,0.49,1.0,1
3.17,1.0,2.2460683760683757,1.56,1.05,0.56,5.8,7.2,6.0,2,1,3,0.56,0.56,0.49,0.56,1.0,1
3.31,0.86,2.2460683760683757,1.56,1.19,0.56,7.0,6.9,5.8,2,4,3,0.56,0.56,0.63,0.56,1.0,1
3.4,1.0,2.2460683760683757,1.155,1.365,0.88,6.1,7.7,6.3,1,1,2,0.665,0.7,0.665,0.88,0.49,1
3.75,1.0,2.2460683760683757,1.26,1.49,1.0,5.86,9.218,6.6,2,1,2,0.7,0.73,0.76,1.0,0.56,1
3.82,0.91,2.2460683760683757,1.33,1.49,1.0,5.8,6.44,7.2,2,1,2,0.7,0.76,0.73,1.0,0.63,1
3.6,1.0,2.2460683760683757,1.26,1.43,0.91,7.0,8.17,5.04,2,1,1,0.7,0.7,0.73,0.91,0.56,1
3.97,0.91,2.2460683760683757,1.33,1.64,1.0,7.45,6.927,7.894,1,1,1,0.7,0.76,0.88,1.0,0.63,1
3.88,0.91,2.2460683760683757,1.33,1.55,1.0,2.15,7.4,7.1,2,1,1,0.7,0.76,0.79,1.0,0.63,1
3.85,1.0,2.2460683760683757,1.33,1.58,0.94,6.0,6.5,5.8,2,4,1,0.7,0.76,0.82,0.94,0.63,1
3.72,1.0,2.2460683760683757,1.26,1.52,0.94,5.42,8.415000000000001,8.440000000000001,2,4,3,0.7,0.76,0.76,0.94,0.56,1
3.045,1.0,2.2460683760683757,1.085,1.26,0.7,6.711,8.527,6.892,1,2,3,0.525,0.63,0.63,0.7,0.56,1
4.085,0.93,2.2460683760683757,1.805,1.58,0.7,6.858,7.38,5.667,2,4,1,0.925,0.82,0.76,0.7,0.88,1
3.99,0.87,2.2460683760683757,1.73,1.51,0.75,6.43,6.8,5.262,2,4,1,0.85,0.63,0.88,0.75,0.88,1
1.75,1.0,2.2460683760683757,0.7,0.7,0.35,7.3,8.3,5.1,2,1,1,0.35,0.35,0.35,0.35,0.35,1
4.0,1.0,2.2460683760683757,1.73,1.57,0.7,8.46,9.072,6.904000000000001,1,1,3,0.85,0.81,0.76,0.7,0.88,1
3.89,0.93,2.2460683760683757,1.73,1.46,0.7,6.75,9.02,7.8180000000000005,1,1,3,0.85,0.76,0.7,0.7,0.88,1
3.5,1.0,2.2460683760683757,1.4,1.4,0.7,7.29,7.9799999999999995,7.970000000000001,1,1,3,0.7,0.7,0.7,0.7,0.7,1
1.75,0.8,2.2460683760683757,0.7,0.7,0.35,7.21,8.040000000000001,6.6,1,1,2,0.35,0.35,0.35,0.35,0.35,1
3.42875,0.92,2.2460683760683757,1.21375,1.455,0.76,7.45,8.3,8.116,1,1,3,0.60625,0.725,0.73,0.76,0.6075,1
3.59625,1.0,2.2460683760683757,1.28625,1.52,0.79,5.53,6.65,6.3,2,1,2,0.65625,0.76,0.76,0.79,0.63,1
3.75625,0.92,2.2460683760683757,1.38625,1.58,0.79,6.7,5.5,6.2,2,4,1,0.65625,0.79,0.79,0.79,0.73,1
4.0325,1.0,2.2460683760683757,1.5725,1.67,0.79,5.3,5.9,4.5,4,3,1,0.775,0.85,0.82,0.79,0.7975,1
3.94375,1.0,2.2460683760683757,1.39375,1.7,0.85,5.7,8.272,7.2,2,1,2,0.7375,0.88,0.82,0.85,0.65625,1
3.91,0.92,2.2460683760683757,1.33,1.58,1.0,7.2,9.1,8.1,1,1,3,0.7,0.76,0.82,1.0,0.63,1
3.94,1.0,2.2460683760683757,1.33,1.61,1.0,4.0,8.75,8.82,2,1,3,0.7,0.76,0.85,1.0,0.63,1
3.91,1.0,2.2460683760683757,1.36,1.55,1.0,7.88,9.4,8.26,1,1,3,0.73,0.79,0.76,1.0,0.63,1
4.04,1.0,2.2460683760683757,1.76,1.58,0.7,8.040000000000001,7.0329999999999995,6.220000000000001,1,1,1,0.82,0.76,0.82,0.7,0.94,1
4.2,1.0,2.2460683760683757,1.7,1.8,0.7,5.57,9.061,7.4,2,1,3,0.82,1.1,0.7,0.7,0.88,1
3.36,0.92,2.2460683760683757,1.33,1.33,0.7,9.41,7.94,6.569,1,1,1,0.7,0.63,0.7,0.7,0.63,1
3.08,0.85,2.2460683760683757,1.19,1.19,0.7,7.37,8.24,7.4,1,1,1,0.63,0.63,0.56,0.7,0.56,1
3.29,0.92,2.2460683760683757,1.33,1.26,0.7,8.133,7.88,5.833,2,1,1,0.7,0.63,0.63,0.7,0.63,1
